SF_ID_ENCR,ES_ECID,ES_HQECID,ES_MatchScore,ES_Tier,ES_WebsiteStatus,ES_InactiveFlag
72D17953C813BC33E498AE7C7259C837,126047165,126047165,2,1,,
292C7AB007AB2F0091462A4AAAC9C47C,136115037,136115037,4,2,VALID,
273CA9D699F0863DB7DCAAB9169DA1DB,142878456,142878456,2,2,,
3E5F1F56D58C8BB3D4A86CECFC6DB192,120547691,120547691,2,2,,
6CAE895BD9665A1EBF0B45A63BA8D787,185979040,185979040,2,2,,
21BEFAAB453C60CA84F2DD5984D9A5F6,155891084,155891084,1,3,INVALID,1
E41E7615B6B09FAB5340840EB0FA08DD,205603044,205603044,5,2,,
AA317E5EFD24ED10EDE0C3DB7670AFA1,205926427,205926427,1,2,,
D614362A76607A4BEDD465B608641A0B,199479850,199479850,5,2,,
9630D837A78951B14A290FEE8A52C43A,197815026,197815026,3,1,,
A01ECCAE4018A1572655DC5D9CF144A7,111206982,111206982,1,1,,
E40807D75CB87F8314372FFBC30541AA,103325380,103325380,1,2,,
AB55C96EF122927065467E2D77344B0E,124460509,124460509,5,2,,
9A28990041E957E1DE73E1EB51E78783,124267992,124267992,3,2,VALID,
6F3319848AA8AC00F4F0471A35538ACE,201353850,201353850,2,3,INVALID,1
142ABD957A2237E160A2BA5346B05EF2,212103386,212103386,5,3,,
09E9D800BEC8FFAE7272E0FA9E746A3E,210133226,210133226,5,3,,
13B365AC54F5A2C9F5D24D1DABDEF991,182728610,182728610,2,2,,
B953826E7C03DBA9FECC303E05EFB4A6,169348685,169348685,1,2,VALID,
A7FD087FE38B53092254F44F00C6A778,144477252,144477252,2,1,VALID,
076CB97597B36AD108CF1123160F2C80,151765396,151765396,1,2,,
8EB6DA748B31B99BDA0E5E4B0FD7D206,100903954,100903954,2,2,,
14F94FF56DEA9263CE955DFE8EDECEC7,139680985,139680985,2,1,VALID,
14493BC60F8D0C3909D621B8C698F6BD,196635121,196635121,1,2,,
3FA33B94288D16B893B74186D23EFE87,145291682,145291682,3,1,VALID,
3561A49B67059B2D3347425EDA8BF356,147409327,147409327,1,2,VALID,
3E996F2B276C1DFAC3CFD01B71D165B3,158034214,158034214,3,2,VALID,
5EFD23768492F513E103ED60990AB6AA,102311663,102311663,5,1,VALID,
156F4DF4F064D04FBE959EF4411DFDBF,194782489,194782489,2,2,,
B97B1E266001DDA25929ECD46AE1C072,153694917,153694917,1,2,,
117F29D9B0288B146E9AFCAC5C85984F,153821482,153821482,5,1,REDIRECT,
D00156F29AED869FCC38118916A1A50B,103108502,103108502,5,2,,
9D21230E39A81B5352090AE21C0FAA34,112387555,112387555,1,2,,
2B246D776175A7180AAD3A6DC659457C,212601676,212601676,5,2,,
88AA79FDEB0585AD1A4D71B9663F8806,156359726,156359726,1,2,,
6F9887F269A16CA5D5A926A54937AA13,115023498,115023498,5,2,,
B884058A0AA70C1D834F95D2ABEED8A4,108604991,108604991,1,2,,
30808BB66873C22C352E61FB08C40C36,108010388,108010388,1,2,VALID,
D4675F8FE3ADC3774C1E0DA8C163B002,214588905,214588905,1,3,,
84159037C5CD35B9942951E54EA017FE,133941786,133941786,1,2,,
D6149B0E61AA059900838BC9A9F92687,155485119,155485119,5,2,,
F71740ADEA1EA2FFA154DC4ECF508B4D,125976791,125976791,1,3,INVALID,1
7E5BCC7A95E602CFA8AF0DFB30DAF919,155069137,155069137,2,2,VALID,
C9312659C6AD339F1A230A96395C1B2F,206077234,206077234,5,2,,
AE2A45EEC95C0930E88C34E2CD4AF53D,108418192,108418192,1,1,VALID,
1B9B97DE0C93E921CA39A6170CF467F4,147908806,147908806,1,1,VALID,
21F0980EDD270863A5C96139755045CE,201324702,201324702,3,2,,
74DB201C5439EFEC30E18D8C3977C217,192881747,192881747,1,2,,
022AC92621603044D649AEF357FBBF12,198400250,198400250,3,2,VALID,
79B7D016B1322A09B48B8F082F1933BC,,,,,,
F294256691182DB5D5F4965F8D2CF4B5,124245880,124245880,2,2,,
1A5988C3565735AA9A7966D8115487B8,,,,,,
667166D2C0B501413EABA4BE3ABC92E6,189530597,189530597,1,2,,
1160FF9F5F2487CB0E46A7B34E756382,119659592,119659592,1,3,VALID,
5E07CCD81B094F0421E728BAE472EAFA,153848586,153848586,2,2,VALID,
14F20FB859B2B39D5BA7D4824DC08FEB,143549521,143549521,1,1,VALID,
69DF70D904114F6666B70AF1C1BD25E2,129369292,129369292,4,2,,
7144655F79D44700AA2A63B3AA6C6821,138140161,138140161,1,1,,
EC689D44BC447A6FD99A8BA4708A093C,206324277,206324277,5,2,,
05AA2B03DA41B1B9AEC2D89C086AAD29,131944469,131944469,2,3,PARKED,1
22075E91056F8B54717A7725D04426C0,147514310,147514310,2,1,,
9A550DB2EAFAFFC052AFE9D774333B74,143537046,143537046,2,3,VALID,
97E3581B40CEDC153F53D6F31FFB2C2F,150184383,150184383,2,2,,
A98C1E11E3E76276F0BB74B9903F3A8D,206168977,206168977,1,2,,
9CFED11AF30A96A5D6F77BF2AA10D2F2,157103604,157103604,1,1,VALID,
53177082B12B5D8C1C6DD94C2FC9695D,159977405,159977405,1,3,INVALID,1
5057A0CD27083BACC4367A91A4808693,124781937,124781937,1,1,VALID,
FF6EB6BE39547092AB30EA88A9830040,138813873,138813873,2,3,INVALID,1
882933FEE45B4B5A9BF58C2F506E866D,105933689,105933689,4,1,VALID,
3BD561ADFECCADA1AC313206C2E3C8F1,147576236,147576236,1,2,VALID,
3FFAEBB3240058A64021281231E0988D,138373383,138373383,2,2,VALID,
0E42F9AB174D662770F184881A54943F,108559689,108559689,1,1,VALID,
83A7B32293B310A706249EF7729DD46C,103217665,103217665,2,1,VALID,
E5E96D327D9511E3FCA155B538A2FEA3,199636461,199636461,2,2,,
D65B11BF85D28BC866B8AE7BA3F3C21B,155393546,155393546,4,2,,
6921759B9941B20162246C9B29FC8275,118681926,118681926,1,2,,
5F81846BCC2BF9382255D42BE3C7FCD0,106319042,106319042,1,2,,
1269C13E7C99D54D971E247471BFD106,169455607,169455607,2,2,VALID,
07D263E5DD66FB568ADCFFA4549934B9,115125357,115125357,2,1,,
F72A5158FCEB6ED030FBA08DB556E8A4,114785448,114785448,3,2,,
E2D115CDF42ADD40F63C477BB9DA7391,,,,,,
1238A8C1B5240F4726F29A04B863EE59,147202294,147202294,1,2,VALID,
EC6EF4FE03E6C3DF2DA3771D3F469BC0,102951538,102951538,2,2,VALID,
49F4297F5C9B9D127B336FCEA0BA0136,145641957,145641957,1,1,VALID,
12C364E5838456B2E67136963AA02D82,140610080,140610080,1,3,,
3FCB633DEA5956281A77542B3039F8C6,141874032,141874032,2,3,VALID,
4715D4F1223FF601E1B3F0D442CE833D,180020708,180020708,1,2,,
D758C305041B54EC52946884104A927C,152787197,152787197,2,1,,
53C090D7749DA8BFE853736925A3588F,171974082,171974082,3,3,VALID,
E25935FD94B9657FD28DDA733B234BF6,159654879,159654879,1,2,VALID,
DE8950A033E59BADA0460F487958CA69,136698224,136698224,1,3,VALID,
29E3C4F912BDC61C8C326A6BBC9DE2AF,101092129,101092129,1,3,PARKED,1
8BA42245FCE2B52E583CB2052ED4176E,122181534,122181534,2,2,VALID,
04C08D0C7C1B0C7FBA6BF5EC00A026C5,114769891,114769891,2,1,,
48B21908D48528AB87773C6BD3CA4E88,135505123,135505123,5,3,INVALID,1
1E7A983C940FF9F0D4D51E6CB91BA609,141054512,141054512,1,3,,
5C118D6278AFEA158401EFCF648689FF,112863911,112863911,1,3,VALID,
BEF34FEA0B5D58F05F606C98141C7BBA,122006692,122006692,1,3,,
35FD11711BE7A4E3750D19A23A8752D8,136994447,136994447,4,3,INVALID,1
7FF6199CDDDEAC816FBEA6B795E5605D,209650953,209650953,2,2,VALID,
FE230ECF4AC5652F92765312E1A1362C,147032328,147032328,1,1,VALID,
B0FB4247B34D721B462614A373A7FCF8,190844919,190844919,2,2,,
A2BDE18161443285F8B81C0C0BF6984E,201335870,201335870,1,1,,
9E7F56AA008A25046ED87C90BB63DE5F,,,,,,
4B3A10B2B90B72CC6A00E8309B94A3B3,123465485,123465485,1,2,VALID,
3709980345BCD64EBBDD6091B90BCE82,157621490,157621490,1,2,VALID,
71C0D0D273C94987AA7D4628F8EC6B7A,121530893,121530893,1,2,,
9CF32C3A692AA57A95D1852C2468E4E7,157677750,157677750,1,2,,
5A6226490A3C90C700D0956FF8B7283A,146858617,146858617,1,3,VALID,
0C3523CD5A9537A167A29DE569AE85B7,112114823,112114823,1,3,VALID,
9AA4975D70A5CAF7F996FA2A9CD8AAC4,136702323,136702323,2,3,INVALID,1
A4C51771EFA7809595CF7C2134DB1C4B,138381876,138381876,2,3,VALID,
C3AA85F14B81C69B131AD26AB190EFC6,130838240,130838240,2,1,VALID,
8E46DBAA593464AB93A651D1B9C2EC9C,149132393,149132393,2,2,VALID,
691E260050FC7EF5E789AD7E0E414241,103162132,103162132,1,2,,
011D11275ECD559C23612C2FEBA8C60E,197406450,197406450,1,2,,
10AC4F2E925B0C92ECEBE72D3467D8EB,130729271,130729271,1,3,VALID,
430F811EC82327067966C43F63E29068,214629227,214629227,1,3,,
A4D37E1EE2FA7E832FDFB2DDC1DAEBA7,148681264,148681264,2,2,,
29A0158EA1E895026D0957DCEDF9640A,,,,,,
66B077E5C7573D998F65619C15ADC556,152562417,152562417,1,3,VALID,
CC518F55D9DF96903B519EF3BEFD4E9F,154211524,154211524,2,2,,
741955BA83BD2EC7C1C56F037603EBCB,194069759,194069759,1,2,,
17D19A5EDE0B301608ACFCC57BBB05F6,133800932,133800932,2,1,VALID,
0291223BF83CB3CDE8ED291CB85CEF63,139750037,139750037,3,2,VALID,
7343F07AB431FCF959C37A870E042674,130729271,130729271,1,3,VALID,
D254A3C4A21DA0702A3194E2F0AD7A14,116924938,116924938,1,2,,
80548E23532F2121F12748F6709B4E19,129361627,129361627,1,2,,
A768CF0BF635F5D0F16BD15313916F50,183210825,183210825,1,2,,
911B09622B3A9EDEC4940DC8E2098C23,,,,,,
38F9D1964994238FBA45A3838AB33EF6,,,,,,
1E9DA9EEDDF8530E6F971EC1F9CF75A3,163345961,163345961,1,2,,
DF9ACD93722CDB0CA4B6A02403B07637,174313585,174313585,2,2,,
029CBD7389FB476B3D8CF26375696520,208730136,208730136,1,3,,
39A4A1FD048585722DCED8E51F845D1F,,,,,,
90E793F4D2B2305600DA9FED599C82DF,199486636,199486636,1,2,,
5114BC07E5562B91A123F9630F0E4152,,,,,,
91979942C9483D4702F39EF0DF2ECB63,149872088,149872088,1,3,VALID,
2F2850CB1230DFCAF8D24DE2AE048668,118887718,118887718,1,3,VALID,
1C1E70B22A3DD0C93061592DDDB1BCD5,193941714,193941714,2,2,,
993D8C3B8A304FC447BBD980FDB0BDDA,200929834,200929834,2,2,,
588B703E7A9B942DBBABF0C69167FFC1,157241009,157241009,1,1,,
AF922F880274D69B714022417BE5B907,131217753,131217753,1,2,,
A8AEC8C024899981C1C2FCD939D68D98,164489349,164489349,1,2,,
478FF5BF89B84450F431C4026C225A2A,108821660,108821660,2,1,,
ED469A463CDC171D140D3913ED447F45,181185682,181185682,1,3,,
7943CB49923DBBE0DD27F018F95283CA,155928301,155928301,1,1,,
FEF7546D53822B5D7C6BCC614CFAD436,141422215,141422215,1,2,,
550B17F7B2D6A8470D19236E44112530,159412229,159412229,2,3,PARKED,1
84484531440D37BEAE1AA844ED8C6602,146033608,146033608,2,2,REDIRECT,
0A72FB07B9679A71DB90329ECE4EB914,145356097,145356097,1,2,VALID,
1A8D8DD5EE58B2D648A3877D60B3C5A6,135013889,135013889,1,2,,
BC2B9BE1AD0622C14CE01B973DFFDCEB,,,,,,
DBAF182B38489A06B859417916999AFC,,,,,,
47C7775C9EE6087B72E05970DCA0BBC2,128603642,128603642,2,1,VALID,
35C7089C28FA69AEB0299BB767FEA935,177172197,177172197,1,2,,
DC410FC95DF747B19928157D1387A8A6,121124993,121124993,2,1,,
1CD7B6094ADA322CFFBC8D177D1793B9,144212564,144212564,1,1,,
6FE063632802240AE364321A0625E42A,211740533,211740533,2,2,,
DD608FBD64384F8A3699AB134A9A89AD,159604360,159604360,1,1,,
B08FCDE6F340846D3503FE466C9A542B,145964913,145964913,1,1,,
CF8EC62D7581F8E2BE6C0537ADEC044B,115611569,115611569,5,2,VALID,
594FD95F6A9DA514A7AC76F82F9B48E8,133817229,133817229,5,2,,
E4AA4C36EC5114D8A4C83A27073E7EC3,111812248,111812248,5,1,,
930F0BD24C3318FB4AB45433CA9C2B3E,161957554,161957554,2,1,,
243EB3A37769B02E5B7E55E7CACAFE08,123397378,123397378,5,1,,
556D9C6517911A72A1838B895741D674,107182338,107182338,5,2,VALID,
A7BDAF5DAC387BAA4AEB4F6D534877F5,150977872,150977872,1,2,,
7A15848BE011DA0EB393E64CF77EFB7B,126429755,126429755,1,3,,
D7781A59632196942C12CDA78C43F417,139650700,139650700,1,3,PARKED,1
76937ED377FC3E1AA539BABEC6BE497D,156064044,156064044,1,3,VALID,
E3D31A23AD0A94D455F0F8CC9EBB9FC4,198532647,198532647,1,2,,
A0561EA2A8A7CF8C21F3E286F72176E6,184505655,184505655,2,2,,
C0FE72FB20C8A6DE91E55EBBE69FB93F,113693198,113693198,1,1,VALID,
C4D756AD975A0E3B3E335E6F3C70DBF9,153939571,153939571,1,2,,
D902B6DC2F19A3D99F7E18DFE1AF6E3D,185077564,185077564,2,2,,
EF7364A1E286BCC9287E06D4F5A5D505,131443071,131443071,2,3,VALID,
272C41E2B361A8F9A003115087FF0B87,137372267,137372267,1,2,,
EB017E70F0D3BA4606EEC31A20F35EF2,144347510,144347510,1,1,VALID,
92827007588B7E5CF6AD0DFEA0D87CEA,179996458,179996458,2,2,,
AB39F02F3CC3C9AE3FBFF0802130ECB4,125893898,125893898,2,1,,
45A3AC7A57A967169CB70C5E32977DF2,147974938,147974938,2,2,VALID,
7922F05AC85813137A21667443D84D26,209971465,209971465,5,3,,
5BCDA8188431ED312DB0645EA78D0FF0,163476819,163476819,1,1,VALID,
56FA2016B45896706DEE21C6FEB89757,123765427,123765427,1,3,VALID,
12D902AF4B14EDCFCD9210439CDAE364,209306228,209306228,3,3,,
49930FB880661E0F81BBCD261AC1DBEB,212871945,212871945,1,3,,
F4FCCCA4A1E6E6479295F28CF4271E54,111216382,111216382,5,1,,
A55753B1FFC7D6FE950E2ED4B6D6740E,158442800,158442800,2,3,,
8C6B1EB20F01E114B212CCDF69159074,158379698,158379698,2,2,,
08E3C45BA596155A2281453FD29550A6,109804400,109804400,2,1,VALID,
9D0059F3F125D60147ED10D51027AEBD,192997891,192997891,2,2,,
F207BF1CDF983201CD9C4F3FDAF46A48,136278084,136278084,2,2,VALID,
F5CAAC5FB94C100D9D03774F9B057296,,,,,,
291E91B1217FCC8D4DF4627C22EC7850,154412629,154412629,1,2,,
3E7D50833B363BE85329B39AA6B91362,102179133,102179133,3,2,,
116F3A298FB8113D8D6A8EE6D8AD1145,104123835,104123835,1,2,,
85D1B2B18B3A3B0BE9A209D947BD94F6,205866869,205866869,1,1,,
7B582A6A9E3B31CB376D33950C7FAFAF,159682952,159682952,4,2,,
AA9543D68EAE35BFDD854883E1BA94A5,142594618,142594618,5,3,INVALID,1
4E3E98DBE6A6A0C0BA61B6E530FAD246,184255733,184255733,1,2,,
6AFCEFF68BDA2B02D8226D6AA44FA38E,193232781,193232781,1,1,,
059F62FAB320EF148EE598B859BD74C4,174598944,174598944,1,2,,
A87FE43AEAD895F0C141A5F72172E41F,178911440,178911440,2,2,,
19DB4FCA04D46D1EA613F85C993AE462,157939557,157939557,2,2,,
E04DD7B72ED647A62DFA9B1F1F45D073,144223853,144223853,5,2,,
89CE1A9F01A5953837B7EEA4EFCEBFC2,173524370,173524370,1,2,VALID,
6B422C096D76852C2C50414E451183EC,201745828,201745828,1,3,,
0CFEC9063788B80D00EF997B838174CC,113904524,113904524,1,2,VALID,
60B17BCB17A90DE7E2646D4B4EBF5BF2,142404566,142404566,2,1,VALID,
5F1823057285FF572DF5BA9A93E49B05,126234943,126234943,1,1,,
922E85EDE63B78121258C478B2B727AF,113328812,113328812,1,2,,
383DB910960DBA02C50D0CA0F937B2E6,159429315,159429315,2,2,VALID,
FF0899931666256C7926963FC6DE7BDC,160422434,160422434,2,3,PARKED,1
885FA7785DEEA15939D689BFBD64E677,137782097,137782097,2,2,,
C2134C6252DA0B83D1B80DC30177810A,120471174,120471174,1,2,,
A0338AB367A1C101BEC05B712157EA93,107139858,107139858,2,2,VALID,
7E4812A910E8912BAD102B0A60D1988D,186048464,186048464,1,2,,
E68CC033E7CE259B5333CDD2546B1E28,107609209,107609209,1,2,,
4D89BD3296CF13DBCF45F82B3E067D31,181323606,181323606,2,2,,
2CA24051183B38DCF71BC3D5E3402A9A,204453142,204453142,1,2,,
6350962EB2F8D73149AB49F4D7F9E369,106888158,106888158,1,1,,
D876BF0E31D9F901E8D6D427C04A0052,141744092,141744092,5,2,,
1E86273AFB5DEA3AF406C55142936CA2,154315329,154315329,1,3,,
41CE6553E60D2CF732BE01ED417C980B,112696517,112696517,1,1,,
9031BCE38E376B42A3ACA93436FED4D8,172810630,172810630,3,3,VALID,
0D5ACD04F8BC97D3D525891A7779D626,111957363,111957363,1,1,VALID,
C196687683029BBDD3BF57B8EB874C54,131551963,131551963,1,3,INVALID,1
55382E1F41B1C1B03D46B4F3196B1B8C,145114337,145114337,2,2,VALID,
5D9CC994F7A5017243042A7657EC724F,100256724,100256724,1,1,,
76601FDB8EC3B62CBED1852B7DDD8C99,192036465,192036465,2,2,,
A8093A9673B0FD8B8DF99A2320CB2F74,131487555,131487555,2,1,VALID,
0165F9E28AC9CE120E02A16803708EBD,123542213,123542213,1,1,,
AA0D3CC08B7BEE4B287B3A1E66DAF829,137474827,137474827,2,2,VALID,
D99252E00C5592D7E89555A776F0F316,157716197,157716197,2,2,,
1C268D10C6BA4FF0B6F5EAAEB400F65A,117698864,117698864,2,2,VALID,
1D08DEE931358BA5E5152B3916B669FE,182640839,182640839,3,1,VALID,
4EFD96888615FC0035E4637BC4CF3E49,204648747,204648747,1,1,,
1E8A4055D3043D987DB9F1F847EACBEA,110975531,110975531,2,2,,
4E7F7AE38E6B0580DCCBE401F22840B2,115662546,115662546,1,1,VALID,
A32B715FA349AEA3A2847B59E3A3A14F,187074623,187074623,1,1,VALID,
B35AEFB69204EF2241AA80AA5B96E3A8,131130786,131130786,1,3,REDIRECT,
309EEFAC70DD068C4D3BC10B72D3E421,153041716,153041716,2,3,REDIRECT,
1662DF78003C7AE1EC803C1C2D269273,205268580,205268580,2,2,,
88E7F3D653B6FFD45F083DA245213307,159093212,159093212,1,1,VALID,
77BF4A7673166DAD4E50B7DAEB44CBC3,197757354,197757354,2,2,,
787DC39B68839E06F8A841EA344FEFC9,193530636,193530636,2,2,,
E01E6490B6E99DE0C8BE4AC6687079E1,189291027,189291027,5,1,,
42FEACD6D0E293DDD0092268A9ACD26C,134507815,134507815,3,2,VALID,
F1004B66A8453EFE5623ADE92DA41547,159794251,159794251,5,1,,
91CB05B8F0D3E0706F5CE5C24C053F9F,143969598,143969598,1,2,VALID,
F0C53C9081530D4629E80761FE5CF143,133671382,133671382,1,3,INVALID,1
FD04B01E6B147ABF00864A98EA91E448,102088711,102088711,3,3,,
D67DDEDFF21E0ED4CF160BAABA41FDEE,131101977,131101977,1,1,VALID,
A016B2D0FE17D1CB9EFEF02222F70939,150004128,150004128,1,3,INVALID,1
FEEDC9EEAB8FA5AA8EF6CB53A0B56789,166369844,166369844,1,3,VALID,
BA31773ED4936CD3ED2485605CD03346,103091279,103091279,4,2,,
D5904894CFAE7059E1722DDD284A30A8,139639036,139639036,5,3,,
6A5E8389FF8BDFC959E78E5860DB756E,106930308,106930308,2,3,INVALID,1
4C09379E686725E8286ECBD91E3082A7,118777939,118777939,5,2,VALID,
834E081A470F826363BE82015A26412F,158638132,158638132,5,1,VALID,
F2551201B0B65E738E8EE81E7B2A71CC,120911136,120911136,5,2,,
57BE27642A4F4ACB335C2FE2EC74B16E,204557285,204557285,2,1,,
55E651DFC406C25B240270B09093E8F7,109608213,109608213,5,2,,
4763BC96767D5B59DCF19ED2B863A848,185413505,185413505,4,2,,
A9C6E48F3418046C9221A23ECA3EACF5,140586417,140586417,1,2,,
0EEA8FB53C39ACB3DE085548E17D969F,112612940,112612940,3,3,,
6FC3F1C055B2F41E1D0BF623D6F11268,194431531,194431531,1,2,,
9153D2551EDD14AAA2B5CDC6D7661F02,130133490,130133490,2,3,VALID,
FBD682D1838FF90B754C74CA548BB5FC,209104593,209104593,4,3,,
7B15FB236723DF076BEAE24240CD6BA1,183082694,183082694,5,2,,
219FBA04A1B3643332510305E7F5925E,116523081,116523081,3,2,,
9A744F1F068EB8D3EF0840B26A2F78FD,139731401,139731401,2,2,VALID,
E58FFBF7C102C6E6DEF65F8756933C01,192999991,192999991,1,1,,
D0DD2F3E9D8FB62026E5F406907598FC,125059282,125059282,2,2,,
C6226065D98EEF643EBDDF6E458F2AF3,195315141,195315141,2,2,,
49A205FD524506C10135DE108C9D97F8,129049586,129049586,1,2,,
05C0F6C9B02836F20A2491DC65E592F3,137653215,137653215,1,2,VALID,
E1BCB393EA0D43A6510892404D834251,148805210,148805210,1,3,,
691364568DCC21B985909B9326D0EC9D,124626386,124626386,2,2,VALID,
30EFE1BE7A17646A1FC9962FFE6C941A,147313765,147313765,1,2,,
949325BCF64B894DC7B2A4AC9E476EEF,179245789,179245789,2,1,,
92FB5C47151B9CF817A53637E4727A3C,153383002,153383002,1,3,,
FA1BB8733F11D0AFF040D3D538C2995F,154151473,154151473,1,3,PARKED,1
D8CA7E49E41729D12E1EDC26F209DE9D,111855406,111855406,1,2,,
2E739A4CF75839AE279F04E1C4FA7118,178310950,178310950,2,2,,
F0C3B93903F6C614E1F071A368ADBE65,125520550,125520550,2,3,PARKED,1
36F3E6744D065D76922F91E601CEAEBE,123153270,123153270,2,1,VALID,
C87D19D3A4739855281CD5CB6A60E8B5,131666543,131666543,1,1,VALID,
1944EA7F6A93BF04CD1C4C67CBB1A885,136416485,136416485,5,1,,
097FC8F5C0314CE7CCE0566F05802C19,191013911,191013911,5,2,,
5EAE397FA76E5C9010ECDD17A1453EB5,107491048,107491048,2,3,INVALID,1
50C9E18296BE145341E4F561D4594D2A,213738665,213738665,1,3,,
5010782188B0D6B161C92A5F67D839D7,200033698,200033698,2,1,,
6004BDA9E7362AEEA0BAC66DAB0B4D20,138624473,138624473,1,1,VALID,
60C456D0647FACC08C4C1F81F9F3335C,200768715,200768715,1,1,VALID,
8F62DBB99163558FA788E639460254F4,148525755,148525755,1,1,VALID,
8BC151E9542E3AA66C2CA2C0A5B2096D,102915505,102915505,1,1,VALID,
6E63B88D6E4852EE03513F7448AC0E42,115056255,115056255,1,2,REDIRECT,
BC62C68AC2B6C88562639A37DED25A2E,161888174,161888174,1,1,VALID,
971D4C5FDC3DAAD02358A7D0D495BBF1,127413062,127413062,1,1,VALID,
382E751289BB219943456D2D9A8D0A9C,162355199,162355199,1,1,VALID,
D4039DC7ED1C61AE38EFB5E5B905866D,143113406,143113406,1,1,REDIRECT,
C9DF76AE88AA2C92EB6E51ED24D1C057,190322426,190322426,1,2,VALID,
C16A567B80F8C4A9B7A10A74FD539C1B,162249683,162249683,1,2,VALID,
0D19A52BF506CA1467A3AF9E1D146180,162321330,162321330,1,1,VALID,
D8D5A560C925E81C048ABD37214E54A0,106967429,106967429,1,2,VALID,
2A84013E4FD3DC82A4A387D2774AFEB9,111230341,111230341,1,1,VALID,
28E57459733FD09E0C33CDED6457958A,112215078,112215078,1,1,VALID,
EE1CEE929B562F3A2F34D8258F82FFD9,140607523,140607523,1,1,VALID,
45F06EABD3C2F1FDFAF0394ADB85C497,105897671,105897671,1,3,VALID,
EF13368A5B2DFF0724904D91B66102EF,128469875,128469875,1,2,VALID,
923FDCCB521C889310D3CDAEB5522E7E,111821116,111821116,1,1,VALID,
5EF744F2D2ACD02C81BC58AF12FC5D8D,147255801,147255801,1,3,VALID,
84ABE3F30C3EAA4C30E0D63F6E79205F,101107643,101107643,1,2,,
0A9036AA2E3719A22F17B23CE2EC0D97,163722799,163722799,1,1,VALID,
E3D4235CF98B8C89ADB7BA8E068EE617,141475849,141475849,1,1,VALID,
69CE427D77E69905433F7523ACCE6553,175625878,175625878,1,1,VALID,
9BB310708FD1C609732E6CA92E551E71,141514760,141514760,1,2,VALID,
06BA3E9CEAE9491AD9388199B4F0F2C7,,,,,,
478D8075DA1049032501F21D34A790CB,114524931,114524931,1,1,VALID,
25BAA4EB69706D1AE46199BCE7AF1E70,143159555,143159555,1,1,VALID,
CCCDFE8755E6ADD26A72B1C0394575BF,101606804,101606804,1,1,VALID,
0B34B77205E99B00ADEA2B0E2D4BA03D,171033001,171033001,1,1,VALID,
402D65BCD6F658C08A3AEA288929A642,149813903,149813903,1,3,VALID,
A7A023023E258AB284DDBAB7D38952F5,105605494,105605494,1,1,VALID,
65A4F6CE178A7733480840E0E1DCC92E,139929627,139929627,1,3,VALID,
E950BE72815F6E4E168A2720898B50D1,101216797,101216797,1,1,VALID,
B0C3F807D77BE208184FE0AE75DFD621,145002244,145002244,1,3,VALID,
4ECDDD1ED3206BACAB5712F30BC50BF7,144825742,144825742,1,2,VALID,
CE93E586143EF7B156B54A19396B235F,152186798,152186798,1,2,VALID,
1658C6382190B87DBC5F006E093FA538,158268383,158268383,1,1,VALID,
0DDC60DCCCEB017F7C928C08371BE5F1,154475965,154475965,1,3,VALID,
2D5ED15FED22BD7AFB1D5B4637D7F52C,114989407,114989407,1,2,,
BF29DF238DBD237AC9E0BEC4C6E233DB,146419100,146419100,1,2,VALID,
EA8A5411832F04AA63113135349D47BC,,,,,,
D4B0D02E974FF93B2274F9CA0B737109,125938395,125938395,1,3,PARKED,1
3033A809197BE7E42246A71BBC7CC903,100517794,100517794,1,3,VALID,
FA55A6543028EFE6FEF83C8A24BF1431,121633875,121633875,1,1,VALID,
5862F0F63DE2A162BC9B5F9E9B718C50,157397420,157397420,1,3,INVALID,1
04F94C8A03D1D851DDA312ED448ABFE2,134320820,134320820,1,3,VALID,
4B200D3328B5FCC6ADBECF3FA2FE6138,104715745,104715745,1,2,VALID,
BA413835AEA43508F9BFC2F28B25A5A7,159849658,159849658,1,3,VALID,
321218CFFE414ADFC964FD4D06591FE7,101568163,101568163,1,3,VALID,
4CCA1445CBD81565D567EBA5E2E79914,181731096,181731096,1,1,VALID,
F5FDFEFA2FF8B170CBD92A92E554D6CA,140632390,140632390,1,1,VALID,
B0CB27A52B9D2C6B1DC060575C535C37,129001922,129001922,1,1,VALID,
7664220E84110EC3B0B9940925BA7118,152791319,152791319,1,3,VALID,
F3F3DCE6F55F73769D6A9CA4BB739282,156553139,156553139,1,1,VALID,
430A1410313B1FD11B9C01804FF92EB0,,,,,,
AB10016EF2486DE9668D8EFB80159D0F,208922896,208922896,1,2,,
C11CC068B5CD2E54CF3B3D55ED4EC1BE,136236143,136236143,1,1,VALID,
ED89E7B56DB9C0C2EEB92D35D9E2F9B5,130915092,130915092,1,3,VALID,
BDE7FE467A3D00F78EB79137005A9F30,133471517,133471517,1,2,VALID,
D90608E98292E593A6739E8DFCFA02CB,,,,,,
88164A61F8436589EBBE9289703FCDF6,103746636,103746636,1,2,,
A6AECF8E93C2D60455A9BD55D3CA3D76,119525001,119525001,1,1,VALID,
08DFCC1666DA6C62C2610E298A90D71D,122321937,122321937,1,2,VALID,
306D315E1EEE1DF889AFF6313E17BE32,150456571,150456571,1,2,VALID,
642F941219099C855208AFBB785DF500,143116113,143116113,1,2,VALID,
3118D7C839CECC844DA0EF733F43C278,133536525,133536525,1,2,VALID,
57B477E6AB16247CFE931CFDCFDF0B0E,154156270,154156270,1,3,VALID,
8A1058272E901A0A5489DFD2A33931E1,100929801,100929801,1,1,VALID,
884E4B9E3F6E036F0E154487C1D4090D,127495579,127495579,1,1,VALID,
C205719DAEBECA397C6FF6E4A49C3CB9,127868899,127868899,1,2,VALID,
E3EB0490D70F9AA669DB1B1F9D801432,152463655,152463655,1,2,,
3F15F27FA1AD9A723B35C4C1468939C4,124820480,124820480,1,3,INVALID,1
EF5A2DE7DE3F5DEE9ED263C930A000C9,109401348,109401348,1,1,VALID,
62736E26F013A789F241DA3784D30AEF,112797577,112797577,1,3,VALID,
5470A1E33E1AC4D4F59578B6C709EAF0,161492534,161492534,1,3,VALID,
4367773662827BC61FBA304BED8D6866,116532234,116532234,1,3,INVALID,1
DFCA5C0BD3F1789C590E99935CE89C8E,160156740,160156740,1,2,VALID,
8826B0A4A7867C0A036775907978D0D8,143870762,143870762,1,2,,
EE9D3E682F66D0749B4B43C5E62941F2,160118181,160118181,1,3,INVALID,1
FB9AC2DAB507F3CE4B24F2CBB5D9F4F1,160260912,160260912,1,3,INVALID,1
493BEA542725C964E4721C73FE0DCFCB,150445701,150445701,1,1,VALID,
C5786B562A230BD809F90633A23F346E,100187124,100187124,1,1,VALID,
D0FE91674AFF1F3B4757221122C16252,101518615,101518615,1,1,VALID,
3FF08A296FB8A3191B8BA47BE4C80DAC,,,,,,
9C357BC70231FAC5C4FB411F9F0CEBB6,126111826,126111826,1,2,VALID,
12D766F65F2EE70042B3EE1F2E1CBE77,,,,,,
51782C35351C14B10C76BA94A00C96BB,126740021,126740021,1,3,VALID,
2AC2BF3A4D6E4EFF63F863E1CFC0ECCF,145756036,145756036,1,2,VALID,
2BCFA33FA06420DA36FA3694BAB91932,114989407,114989407,1,1,REDIRECT,
DA749FA9A67F8C6D94D3F8091FA83E66,139921542,139921542,1,1,VALID,
14BE355C71B4A679861518481D20CA0C,,,,,,
B07D4F84495C2740ECB765E60B622F14,146223559,146223559,1,2,VALID,
3A4A16FA54C3DC9078C0B8D91573FD1E,128984681,128984681,1,1,REDIRECT,
1BB8865453245995C338CE0D498D5DB7,,,,,,
8F8FC6F89F5C802544C9EC2427B33B45,115741186,115741186,1,1,VALID,
3D1AD28DB6A5A14CDC7BF730B4894C6B,122232823,122232823,1,2,,
C05A16C2B2860BB7B0B5171BBEE52B37,145118121,145118121,1,2,,
4595D7E1035F990F66515FF8BA9AC6B0,104021928,104021928,1,1,VALID,
9A0ED010C2DB62E1E6F2271143A5046B,,,,,,
55E1BEE8FD042BAB1D719C9868A38301,120401549,120401549,1,1,VALID,
5EEF5E8A50D8A0859569DA52249853DF,144866658,144866658,1,1,VALID,
1494C7013D0BEDB235460AEC152C07C8,142437836,142437836,1,2,,
195E63B0B8F92A91AF29BB524029B8C4,112637459,112637459,1,2,VALID,
EBFAD0040244D7A779511D965C31D6B7,198788779,198788779,1,1,VALID,
E67B49803BE032D5FED863A7E4889E23,117113368,117113368,1,1,VALID,
45F323616B449DC866B61DD6B787C945,122581892,122581892,1,1,VALID,
E959A8F003FB3C5DF3B077E159BD42F4,107383361,107383361,1,1,VALID,
2A29AE86595200158277F7EF2C6CBFBC,113786822,113786822,1,2,VALID,
A78C3354C11F362545C9CA5FD4C87BD7,122622410,122622410,1,1,VALID,
4361B51DB092EC9C9AF28B09BF496BAE,110731022,110731022,1,1,VALID,
8597BA32242647A284EE678230D528F4,128573344,128573344,1,2,VALID,
7FF7E1AC3BC3728B7FC8BE61024A9EC8,156124875,156124875,1,2,VALID,
6908A9CB11A1F35A785EF47CC59CBBE8,152919660,152919660,1,1,VALID,
C68FAFCF0B6C44147D1997FE53E0EB3F,133942081,133942081,1,2,VALID,
083CBCDD3280729AA0794ABE89A6F53F,182125795,182125795,1,1,VALID,
4BA979673F891E568B5DC0EF1B856526,138972322,138972322,1,3,VALID,
8FEFA8D9E22BA5BE22F5330A1C7BAF89,,,,,,
A928044DCAA806122F56DA2058AEDD7F,145460320,145460320,1,1,VALID,
7DB44F6CF1127132CBBC82B20B272296,135627356,135627356,1,2,,
08D96B507932A11F15E3786206C23E3A,116995559,116995559,1,2,VALID,
E87C2949BD4232066C8E0195CB9A7533,163725476,163725476,1,2,,
10960D728EF3C0A8171CB81A5E31C843,159264595,159264595,1,3,VALID,
3BEB192D5B712CF137755F561295180A,108914127,108914127,1,3,VALID,
431C17B5F0236485C8F7812A0AE6970A,200318202,200318202,1,1,VALID,
2975C787D65FACCD002AC33B5AEC4F03,138615645,138615645,1,2,VALID,
84E44BB8DE5C022A3FC70AE46E905976,148383245,148383245,1,2,,
189CA7AFCC051F872EE37309CCD75F12,170616599,170616599,1,3,VALID,
1BBEDBEE8281F91D0318D9AC57EDBBD3,144671035,144671035,1,2,,
94209BE16AF6A5A53D603CEF808948D4,105657306,105657306,1,1,VALID,
8CBB21102DD13C1D9245DC29B5819A25,162474970,162474970,1,2,,
1063CC5D9E3AD11006B8E4826BE1F2F1,108351995,108351995,1,1,VALID,
D7A2673EDB27FB290EE0DA7C4D053D0C,127099206,127099206,1,2,REDIRECT,
6C4402A960BC279C1825ED5468AE2293,,,,,,
30E06B8DB3BB5BE430BE19311440DCA7,105369664,105369664,1,2,VALID,
4C011DBE3D07475995DCFA0E4D195673,133072816,133072816,1,1,VALID,
6FF840832FC0817EFCF90743D35CFEA0,159278221,159278221,1,1,VALID,
781CDC0DE2B3A0ACB20C7507CCB04C75,128695128,128695128,1,1,VALID,
FBF037C96F159A5B49A2A36D1B86D57B,112397521,112397521,1,2,,
A60D3793D237752A3A221A6F5CFB59C6,113430348,113430348,1,1,VALID,
23879CF419333280981F21FEA05A36A8,129001922,129001922,1,1,VALID,
D5C00DD6B841DAD655D192ABD9E94919,146265644,146265644,1,1,VALID,
363C1B02337E66D5178A4ED056C8A76A,152925892,152925892,1,1,VALID,
4524A509EBEB8386FE831CCC5BAA6B56,,,,,,
FBC280ADF770595711FD8BD933397DDC,,,,,,
79BC2A277ECB77E983A1E0B5AE7D6F1E,122856610,122856610,1,1,VALID,
E720E653B9F6565BE3051C3CF86652C0,163765232,163765232,1,3,INVALID,1
56BB0C35D2FE383DB89E1457C19F371F,139129541,139129541,1,3,VALID,
BBC87C741418394BD93768A57CEA58A4,164045989,164045989,1,3,VALID,
6F7C1426DF0CC9331CE96A1E539B61E1,172020192,172020192,1,1,VALID,
0502B81191D5347895923C2307A59231,129001922,129001922,1,1,VALID,
7E200B97CF9AA4E2C4220E4FB21940D2,137805960,137805960,1,3,VALID,
FC9F2C635D1FEF7E55D838FEAFBE70D3,,,,,,
16AB8E4DCF570FAB95799F8047B601DF,142196990,142196990,1,1,REDIRECT,
7A705D3833B3A2FF154A1002EE34DE4B,149557392,149557392,1,3,INVALID,1
CBAD8ADC5F3CE17AD007A6043855E716,110158423,110158423,1,3,VALID,
DEDA83148D4552CD400A1611F5DA4678,128945070,128945070,1,1,VALID,
AFE212BD076E0319AE158569A5512B1A,156818462,156818462,1,1,VALID,
55EE034A734043950F6F3F991FCCBD21,159300432,159300432,1,1,VALID,
2F03DB47071727923D79D22FEAC09A47,133326192,133326192,1,1,VALID,
B36B43163B26648780F69CA156A655B7,140529144,140529144,1,2,,
0315082CDA22E00EFFED18E21A9C55B0,158295159,158295159,1,3,VALID,
5FB4C173ED56C17AB75A899FF0642A13,123933282,123933282,1,3,VALID,
AC3343D591EE3FFBB0371CE75DBFF49B,172853744,172853744,1,1,VALID,
DEFE4A8302CDF68432011D6BE2688BB0,138477448,138477448,1,2,VALID,
D9A70262D373ADA3EC71B0268CFF2DA2,125187359,125187359,1,1,VALID,
26660B414CBEB45A9876A52877AAB2EA,182741705,182741705,1,1,VALID,
C92851EE2E9B699283A039DC934B83DE,163194119,163194119,1,2,VALID,
E08FABD70B3F0ACFF68EEBC9800DD0BE,134031763,134031763,1,1,VALID,
34585B35258DF58CA507112C6FC6E178,102717299,102717299,1,1,VALID,
EBD86691FF19A2C38AD4A91C195E8F75,156529015,156529015,1,2,VALID,
6D24CAD257C2325F4AD48C7D0DF9C69E,210863973,210863973,1,3,,
5BD2E62196FD3FEF0D41CB35C66AF672,105902431,105902431,1,1,VALID,
1810B7B3BEB666FDC45D34126C690A6D,152933835,152933835,1,2,VALID,
E9A7E6409B2B9FAF4E588925F07D1A3E,118013119,118013119,1,1,VALID,
C011014F048F9C6299CFDA637C144BAD,199620424,199620424,1,2,VALID,
3C52EDDF6C51D324F4900F40E1C5D989,200826519,200826519,1,2,VALID,
0368DFD5C28D857BB899501DFFE99614,131219812,131219812,1,3,VALID,
9C4D533E4836345D566A017D0232AC7A,156050993,156050993,1,1,REDIRECT,
309BD70A792661FF6BF42546F084F539,138451474,138451474,1,3,INVALID,1
993654670633B209AF146E5E0F2934E1,131718618,131718618,1,2,VALID,
15A8D1BE85BC02F32BF51573AB668AC3,110875852,110875852,1,1,VALID,
057CE7FC3A316B18AC941890EC6C2CBE,163825532,163825532,1,3,VALID,
D87179AA983976E72BE28110458B22B2,159181900,159181900,1,1,VALID,
96D94CDC1AF6B79537E8A17B9E5A560B,176294269,176294269,1,1,VALID,
DA2B8B9D2AD9E580868FA0E437B44729,,,,,,
4565F7BCFBC039FA9106412D1DA645A4,151021261,151021261,1,1,VALID,
94A09FAFE96F4FEF52CE8BC4C2CB7B1E,135913729,135913729,1,2,VALID,
7869BF68A021784AB8A79E757DACE760,157341017,157341017,1,3,REDIRECT,
E82C3727966A9D241C303DB1A4E51D02,103193034,103193034,1,2,VALID,
D54B108DBB3ACF683100152ACDD3AFB9,160862388,160862388,1,3,VALID,
344E00B4D6EEBD4826C525AF11968039,145712437,145712437,1,1,VALID,
0848B313B0DB94A8291AA8DD513A9D35,147498505,147498505,1,2,VALID,
B73944D1B57157AEDA3D305E7E82CD14,128009120,128009120,1,1,VALID,
DD2DCBD311C0D139D9813C4CCED908B1,100480623,100480623,1,1,VALID,
6C3D6A2443EBF1552DF752136177EAF6,106377065,106377065,1,1,VALID,
74B13D485CE9BD0A1CC688D3A809346B,154925230,154925230,1,1,VALID,
D52ED0F4A7539017D9BE58D635CA028B,104312331,104312331,1,1,VALID,
0F22B9916E64DE95385080DD80BB0EF7,137009870,137009870,1,3,VALID,
5570CDB8536614FCB61938B7AB479CB8,156297835,156297835,1,2,VALID,
046E5822B14228B7580CD922BF087779,113893954,113893954,1,3,VALID,
0196EAFF25D9C6A7A98C8F4C68EA47E5,159254860,159254860,1,2,VALID,
9C85D91FF42A7EECC5157052800994C0,178467910,178467910,1,1,VALID,
04D410850C02729662F069BCF94F16BA,105605669,105605669,1,2,,
0D94DE32E16DE12586F9A13016FB635A,127919911,127919911,1,2,VALID,
393620E554A4F5BE9B111D5F4C727C7A,143114764,143114764,1,2,VALID,
6923383C64F506BC4669078F5FA5198E,112943793,112943793,1,2,,
B925DCCE5342FBD97ACD988B11A66FDD,137970069,137970069,1,1,VALID,
3C4957BABE5359CBC004F158B74A6021,121554237,121554237,1,2,VALID,
7C9011374F9141E1A9EE432B8185288D,143195564,143195564,1,1,VALID,
DCE320731707A8FD3C0C5F640ED53227,156330284,156330284,1,1,VALID,
73E7AFC88187F03BCE90130787CBB93B,108772587,108772587,1,2,,
D5C6D68ABC9441B5E79BE8DC59A5948F,126203160,126203160,1,1,VALID,
C007CA235DADBF3BDFF6C1FAAA1E8713,132596398,132596398,1,1,VALID,
B28C8D4F2C11E4EA67DD8E8AD7CD7389,149298974,149298974,1,2,VALID,
6D1BB46B29E0AF8AB0D36B44E4B6EA1A,149734391,149734391,1,1,VALID,
4A88058E6B9921A77CBB908902C6A227,,,,,,
2E7748C8AA3AAD916799BCD5898F4356,151187938,151187938,1,1,VALID,
7950A73BE9619A5E8B559851D27C62A9,134903958,134903958,1,3,VALID,
474AF1C8F74B8CB89586525D7F17960B,111266788,111266788,1,2,VALID,
913FF646551BE030B02C574EADF33821,107438928,107438928,1,2,VALID,
61CB7936E4B41CFDFB2564A7E20FC96B,147662557,147662557,1,1,VALID,
C4BEE79281BD8A8910327370EB72533F,138216681,138216681,1,1,VALID,